Дата,Время,НЖТИ,Название,Число1,Число2
26.04.24,15:36,10071,БЫКОЧЕРТ,5912,3547
26.04.23,17:10,38808,ВОЗОСТЕМ,6465,1077
26.04.23,16:53,08442,АПРОБАЦИЯ,0508,4156
26.04.23,15:51,19571,ЛАВРОХРУП,2603,6522
26.04.23,15:15,07420,РОССОПИК,1368,0604
26.04.23,15:01,77882,РЕБРИСТЫЙ,3690,7971
26.04.23,14:46,67939,ФЕУНШОГЛЕВ,0226,3006
26.04.23,12:59,54204,ЧЕЧЕНКА,4275,5407
26.04.23,12:51,31935,АЛИМЕНТНЫЙ,4530,3735
26.04.20,11:32,44763,ПРИНУЖДЕНИЕ,4016,2394
26.04.16,19:56,60901,МЯСОРУБ,7332,4551
26.04.16,18:57,42665,КРАТОВГИБ,4322,9218
26.04.16,12:28,33205,КРИПТОНИТ,5221,5209
26.04.16,10:46,02539,АССОЛЕВ,3816,3966
26.04.14,14:48,24099,БОРТОГРАФ,5211,9366
26.04.14,12:46,76418,НАЙМОТАТЬ,7491,2203
26.04.13,17:30,72684,ЕРШИСТЫЙ,1423,2212
26.04.13,16:02,72871,КИТАЙСКИЙ,8875,1328
26.04.13,14:12,61140,АССАМБЛЕЯ,1167,7293
26.04.13,12:52,67483,ЛЮСОШТОФ,2404,2178
26.04.09,15:22,32366,ПОДЛИВОЧНЫЙ,4612,0694
26.04.06,17:29,14437,ВОЗРАСТАНИЕ,6241,4820
26.04.06,15:54,66020,ПОПОЛНЕНИЕ,0200,7694
26.04.06,11:40,05546,ГОТ,3287,2445
26.04.05,17:08,62019,ФЛИКОБЫТ,1349,4148
26.04.05,15:40,88813,ДЕЛИКАТНЫЙ,4443,7430
26.04.05,14:12,85869,ТЕЛЕЖКА,0646,1485
26.04.03,15:19,83386,ВИХОРОК,8987,9441
26.04.01,14:39,07149,ЗЕФИРНЫЙ,4541,3922
26.04.01,12:57,86945,ТЕГОБАСК,6605,3566
26.03.30,15:40,41869,ГУАНОСЛЯБ,1485,1546
26.03.30,14:15,06567,СРЕЗОВАК,4281,5666
26.03.30,13:01,02027,ШЕЙХ,9901,3553
26.03.26,13:10,61130,ШМОН,6865,1342
26.03.25,15:51,20011,АРОДУСТ,1896,7981
26.03.23,17:14,78923,СТАРОВЕРНЫЙ,4137,8296
26.03.23,15:32,31018,ТМИНОХОРЬ,5706,7459
26.03.23,11:07,68678,ЗАДАТОЧНЫЙ,3290,8709
26.03.20,16:13,77674,ТЯГОДЖАЗ,0223,8893
26.03.19,18:34,95629,КЛЕШОТИРС,6468,0733
26.03.19,14:46,79579,НАДЕВАНИЕ,9580,5744
26.03.19,13:17,10328,ПЕРОВА,9784,3852
26.03.19,11:16,04792,СТРАХ,9020,6368
26.03.18,15:15,42144,ВОЛОШИП,5101,8306
26.03.12,19:44,76472,ПЕРЕДЕРЖКА,4301,8808
26.03.12,16:45,11254,АВИАЦИОННЫЙ,3247,3900
26.03.12,16:11,06742,ПРОСТЫНЯ,4072,7353
26.03.12,15:56,49749,КАВКАЗ,0104,4657
26.03.12,15:54,17395,БЛУД,8830,2774
26.03.12,15:52,89062,РИСКОХОЛМ,0044,2923
26.03.12,15:25,79945,ЛАСКА,6919,2490
26.03.12,15:22,28688,ТРУТОШУТ,0100,5125
26.03.12,15:12,38022,ЗАЛПОФИРН,0010,6369
26.03.12,15:05,56371,ПЛЕКСИГЛАС,2555,7094
26.03.12,14:42,48480,ЗУЕКОКРИЗ,5767,6650
26.03.12,09:22,98102,РОСЧЕРК,5659,5925
26.03.12,08:50,80335,ПОДГОРЕЛЫЙ,0767,2325
26.03.12,05:21,78052,КОБОЧЕЛН,0295,0697
26.03.12,04:58,41810,РЕЖОРУАН,8137,1117
26.03.12,04:56,56915,ПРИМУСНЫЙ,4553,1203
26.03.11,14:06,95068,БАРАК,2103,9679
26.03.11,13:43,53794,ВИХЛЯНЬЕ,0980,1392
26.03.11,13:24,55496,АБСТРАКЦИЯ,7156,7191
26.03.11,12:49,35359,ОПУСТЕНИЕ,9376,5693
26.03.11,12:45,76977,ГРЕХОВНЫЙ,9164,2702
26.03.10,21:21,45352,БУХОЗУД,8253,1002
26.03.10,21:12,29381,АБСТРАКЦИЯ,7156,1002
26.03.10,21:07,10837,ЧАД,6972,4033
26.03.06,15:12,61675,ПЛЕСКАНИЕ,1352,3462
26.03.05,20:25,26144,НЕКАЗИСТЫЙ,7170,3862
26.03.05,18:43,76950,ЖИРОТРЯС,5190,4100
26.03.05,17:01,40545,КИПРОПОЕМ,2143,2879
26.03.05,15:09,86951,ШЛАКОБОБР,0560,0977
26.03.05,14:13,54563,ОВАЛОСТОК,8577,6647
26.03.05,12:33,29894,СЕРОСБЕГ,6847,0176
26.03.02,15:40,51053,АСФИКСИЯ,2792,1821
26.03.02,14:02,40837,ДЕГАЗАТОР,6076,8642
26.03.02,12:33,19642,ДОЛГОГРИВЫЙ,3660,7001
26.02.26,19:15,67714,ЛИКВИДАТОР,8029,0724
26.02.26,13:55,43482,КОВАРНЫЙ,1701,1442
26.02.26,12:32,32441,МАЙНОСТЯГ,7202,6932
26.02.23,17:00,38864,КОРУКСКИЙ,7268,6714
26.02.23,15:47,14232,ОТЕЛОБУФ,2874,5219
26.02.18,15:40,61207,СНЕТОЧНЫЙ,6816,0243
26.02.16,16:59,37333,ГАКОФАГ,3119,6315
26.02.16,15:41,42787,БАТРАЧЕСКИЙ,5470,9627
26.02.12,11:04,99683,ТРАВИЛЬНЫЙ,6790,6710
26.02.11,17:13,51510,ЗАЙМОЗАЕМ,0273,7719
26.02.11,16:27,26323,ЗАЛПОФИРН,0010,6369
26.02.11,15:49,68901,ЗУЕКОКРИЗ,5767,6650
26.02.11,14:52,03222,КОМОРИАЛ,9710,1102
26.02.11,14:28,37440,ЛАСКА,6919,2490
26.02.11,13:50,03124,АРЫКОЧАЕК,9248,1002
26.02.11,13:08,49250,КОБОЧЕЛН,0295,0697
26.02.11,12:53,30601,СССР,8235,0802
26.02.11,12:24,13827,ПОКЛАДИСТЫЙ,9198,2988
26.02.11,11:33,15145,УКОСОПАБ,2509,2601
26.02.11,10:51,48599,ПРИДИРЧИВЫЙ,5367,6264
26.02.11,10:49,20803,БАРАНКА,3591,7261
26.02.11,10:47,73364,ВИХЛЯНЬЕ,0980,1382
26.02.11,10:43,86968,БЛИЦОСИДР,6150,7150
26.02.11,10:35,77310,ХЛЕВОТЮК,0296,7652
26.02.11,09:09,27141,РЫБОЛОВНЫЙ,4490,1101
26.02.11,09:05,06476,АКРОКРЕН,4413,7933
26.02.09,18:52,16492,БАЛАМУТНЫЙ,3137,6818
26.02.09,12:47,57875,НИЩЕНКА,5460,1944
26.02.05,13:06,89037,СУДЬБИНА,5842,7627
26.02.05,11:38,74813,ВЬЮНОПЕНЬ,6819,8855
26.02.04,15:41,19084,ДОЯРОКАЙФ,7828,8610
26.02.02,11:15,27559,МАРКЕТИНГ,3777,9255
26.01.29,16:47,84014,БУЛЬОНЧИК,1853,6582
26.01.29,16:12,27550,ОЧЕРК,1839,7235
26.01.29,15:03,81899,СТАРОВЕРЕЦ,5403,1602
26.01.29,12:07,18887,ДЕРНОЛОРД,6495,6880
26.01.29,11:57,89493,СТОЯК,9477,7037
26.01.28,15:48,54561,СЛАБОСТЬ,8017,8154
26.01.22,14:19,79687,АКТИНИЙ,8999,4216
26.01.22,13:21,05688,СУПРУЖЕСКИЙ,0305,7160
26.01.22,11:21,40641,ВЕНЧИКОВЫЙ,6302,3118
26.01.19,18:50,97281,НООСФЕРА,5176,3559
26.01.16,15:40,45061,ПОЖАРНИК,0573,2683
26.01.15,19:16,25611,БОТВА,0808,2023
26.01.14,19:33,74214,ЛЮЭСОБАУЛ,4858,2138
26.01.12,23:37,18908,РАЕКОРИАЛ,2888,5408
26.01.12,21:48,14559,ОМАРОКАДР,4895,6841
26.01.12,19:23,78367,КОРТОДОНГ,1585,6817
26.01.12,10:37,02403,НУТОШАТО,9317,8248
26.01.05,15:25,87459,ВКРАПЛЕНЬЕ,6790,4701
26.01.01,00:21,81656,ГЛОТАНЬЕ,4259,7212
29.12.25,12:08,18594,ПЕРЕЛАЗ,7934,0510
17.12.25,16:37,32409,ТАТОМАРИ,3995,2030
15.12.25,21:23,67939,БУЗОТЕРКА,3226,4768
15.12.25,18:31,08895,ЛАЗОМИГ,5528,6989
15.12.25,14:40,85000,ЛИНЦОКРИН,1089,3317
15.12.25,13:02,52710,ВХОДОШУНТ,9051,8779
11.12.25,17:38,88269,АУЛЬНЫЙ,0091,5671
11.12.25,16:07,09224,ЖУИРОЗАГС,1745,1643
11.12.25,14:08,91256,БЕРМУДСКИЙ,5964,0140
11.12.25,12:48,82331,ЕРШОВУЗ,1362,0715
,,16573,МЕЛОЧИШКА,8414,7283
,,70671,БАРКОЛУК,0010,7680
,,42977,НЕРВАЦИЯ,2744,4280
,,99247,ЕНОТОБЮСТ,3406,1012
10.12.25,14:37,69674,ГЛАСОДЖУТ,1843,5943
10.12.25,14:34,41651,ПОКАЯННЫЙ,8135,3102
10.12.25,13:49,47534,БЕСПОДОБНЫЙ,2270,0912
10.12.25,13:08,93330,ЗАВОТОСТ,7132,5283
,,76397,МЮОНОСВОД,9835,1886
08.12.25,18:55,22124,АБАЗОМЮЛЬ,1512,8503
08.12.25,14:44,05659,ПАБОДОЛЛ,8170,5968
08.12.25,13:27,49241,ПЕРЕНАЕМ,8730,2048
08.12.25,10:49,95021,ПЕРЕЧНИЦА,9037,2344
04.12.25,15:46,10224,ЖИВОДЕРКА,6373,2890
04.12.25,12:45,44357,ДЕРНОШИИТ,7614,6467
01.12.25,15:48,22119,ОШОХЛЫЩ,9090,2344
01.12.25,13:38,11126,ПОДДЕРЖКА,9689,0875
01.12.25,13:21,27077,УТЮГОНИТ,6373,2890
01.12.25,11:22,36590,ЗООПАРК,1144,6637
27.11.25,20:01,58718,КРИТОЛОСК,6819,8855
27.11.25,14:29,53838,МАТЕМАТИЧКА,7828,8610
27.11.25,13:10,34378,ЛОРДОЧАР,4284,6614
27.11.25,11:22,77461,РАЗГОНИСТЫЙ,3777,9255
24.11.25,18:38,14855,ПЕРСОЛЮКС,1853,6582
23.11.25,15:24,50130,СМОТРЕНЬЕ,1839,7235
20.11.25,20:24,36537,ЛЯРДОТУФ,8926,4497
20.11.25,18:37,97084,ПЛЯЖОКОТ,5403,1602
20.11.25,14:02,66593,ИКСОБОЕВ,6397,2775
20.11.25,12:44,20276,ЛЕЩОХЛЕВ,6495,6880
20.11.25,11:04,75206,KOMMEPCAHT,9477,7037
17.11.25,15:38,82586,НАНТОТЮК,8017,8154
17.11.25,14:40,15854,ЛАТВИЯ,5894,4167
17.11.25,14:35,19392,ПОШЛЫЙ,8999,4216
17.11.25,14:04,05207,БОЛОНСКИЙ,0305,7160
17.11.25,12:43,77858,ЛЕСОЛЕД,6302,3118
17.11.25,12:36,06847,ОЦИНКОВЩИК,5176,3559
17.11.25,11:11,37774,ЖЕРЕБОСТЬ,0573,2683
13.11.25,18:35,38014,СИМОМОР,0808,2023
13.11.25,10:55,19567,РЖАВЛЕНЬЕ,2888,5408
,,76515,АНКЕРНЫЙ,1585,6817
06.11.25,15:54,42404,КРЫМОХРИП,9317,8248
06.11.25,14:35,76447,ПОДСТВОЛЬНЫЙ,4610,2469
06.11.25,13:03,81666,МОЗГОПРАХ,6790,4701
03.11.25,15:36,16366,СУГУБЫЙ,3087,9610
29.10.25,18:38,08193,ТОРМОМОЗГ,4259,7212
27.10.25,14:20,65304,БЛОХОШРИ,7934,0510
27.10.25,12:54,06952,СЕМЕНЬ,3995,2030
,,03245,НЕГРОПОТОП,1089,3317
20.10.25,15:51,07377,ПОСАЖЕНЫЙ,9051,8779
20.10.25,14:33,34948,ДЫРОКОЛ,0091,5671
20.10.25,13:25,33438,ДОНКИХОТ,1745,1643
16.10.25,15:39,32626,АМИЛОСКИФ,1362,0715
16.10.25,14:32,51847,НАРУЧНЫЙ,1512,8503
16.10.25,13:32,69955,РЯДОСПАЙ,8170,5968
,,01085,ИЗМОЖДЕНИЕ,9037,2344
14.10.25,14:37,33768,ФАЙЛОРАЕК,9689,0875
14.10.25,14:13,63300,ТОКОСЪЕМНИК,6373,2890
13.10.25,13:07,72785,ГУЛОБОЛТ,7614,6467
06.10.25,10:58,59400,ОРЕХОБРУС,2456,1459
02.10.25,19:44,05791,ШНАПС,3045,5241
02.10.25,14:30,37255,ЛЕСОВЬЮК,7574,2566
02.10.25,13:15,91753,ТЮБОКЕК,1734,3428
01.10.25,13:15,96793,ЭСЕРОЖБАН,3785,0153
29.09.25,18:48,09813,ДЕННИЦА,7599,7420
29.09.25,14:09,53009,САМУРАЙ,0814,9498
29.09.25,12:54,13509,ТИГРОВАР,2842,1959
29.09.25,11:32,49909,СБРАЖИВАНИЕ,3776,8908
29.09.25,10:31,55849,ВОЗМЕЩЕНИЕ,8597,7049
28.09.25,16:58,98590,БИРЮЧИЙ,3052,9507
28.09.25,15:41,37687,КАПОСОРТ,9838,1865
,,60563,ДЖУТОВРЕД,6032,6012
16.09.25,16:07,10989,ПРЕПАРАТ,9890,7783
16.09.25,13:07,04625,ГЛИССЕР,0049,8715
,,57682,БРАТЕЦ,8197,9997
,,85109,АЛЬМА,2754,8434
11.09.25,12:48,93425,ГОРДОСТИХ,9947,4619
11.09.25,11:02,10379,ЗАМПРЕД,5604,1639
10.09.25,16:40,11866,ИХТИОЗ,3254,4627
08.09.25,20:25,03359,ЛАРЕК,7254,4627
08.09.25,18:53,38965,ОТЕЛЬ,7858,8837
08.09.25,12:30,35654,ДЫМОСКАЛЬП,0834,5860
05.09.25,15:26,52451,ВОЛНОБОБР,3175,5750
01.09.25,19:29,41253,КОККОСИДР,4358,6496
31.08.25,17:30,42117,АННАМИТ,9261,3472
31.08.25,15:51,59428,АФОНОДЕК,5598,3446
,,71930,ВОКЗАЛЬНЫЙ,6698,6657
27.08.25,17:05,67201,НИТРОМОПС,3421,2250
25.08.25,14:25,37931,ПУЛОЛЕД,6990,2692
25.08.25,13:12,61006,НАРДОСАЖ,4520,9365
22.08.25,13:08,98210,АОРТОВЫЙ,0922,7897
21.08.25,17:17,91394,МИКРОТРОН,8771,0680
21.08.25,16:06,45248,НУТОБУЕФ,6979,9692
21.08.25,13:35,79959,АМОРАЛИЗМ,3457,1926
,,93469,ОЛУХОВКА,8753,4946
14.08.25,18:33,03647,СТОКОТОН,2751,2830
14.08.25,13:05,88751,МАРЕЛЬ,5057,6881
13.08.25,15:42,59931,ДОЛГОВЯЗЫЙ,8526,1223
12.08.25,20:04,12687,ТОЛКОСРАМ,9585,4510
11.08.25,20:00,84611,ЛЮКОСПАС,5351,5627
11.08.25,14:11,17028,ДЖИНОЧИЛИ,2499,5166
11.08.25,13:16,38775,РЮШНЫЙ,2152,8370
11.08.25,12:36,79205,КЕРНЕР,8592,8891
11.08.25,12:32,21141,ДРУЖНОСТЬ,8539,0054
11.08.25,11:07,04290,СЧЕСОЛУБ,1905,2257
10.08.25,16:02,16486,ЖЕВАТЕЛЬНЫЙ,8414,9247
07.08.25,12:33,75382,НОСОРОТ,5674,9903
30.07.25,15:51,46509,ПАКТОБИТ,0764,9737
29.07.25,15:48,87512,КАССИРША,8263,6001
,,12625,ПЛЮСОХЛЫЩ,9703,0657
24.07.25,16:48,38739,ПЛЕДОЗВОН,0941,0368
24.07.25,16:18,40711,КРЕМЛЕВСКИЙ,2567,1173
24.07.25,16:01,12372,НЕУДЕРЖИМЫЙ,6995,1729
24.07.25,15:33,85185,КЛЮЧИЦА,3365,8041
24.07.25,14:47,34240,КРАШОТРЕФ,9232,4881
24.07.25,14:27,20768,ШЛАМОБРОД,9618,1994
24.07.25,13:42,65692,ГИМАЛАЙСКИЙ,7362,6129
24.07.25,13:08,88678,КРАСНОХРЯК,8186,3319
24.07.25,12:31,26280,ПЕКИНСКИЙ,8445,9873
24.07.25,12:23,58093,КОММУНИКЕ,5631,3486
10.07.25,13:53,15886,ВЕСТОМОР,9089,7726
10.07.25,11:07,62679,ТАКСА,0216,5516
09.07.25,19:04,80567,ЗУБРИЛЬНЫЙ,5812,4860
07.07.25,15:46,70022,ФИННОМИРТ,0698,5020
07.07.25,10:57,11655,МАЛЬТОЗА,7813,5427
03.07.25,13:12,48908,ЗАВОФАГ,8316,9800
03.07.25,11:39,67865,ПАСТИЛКА,5109,7929
03.07.25,10:45,28769,ГОЛОДИКАРЬ,8060,0174
,,65386,НАБОБЛИН,6563,4935
02.07.25,16:01,42407,ИРАКОТИС,2191,9162
02.07.25,13:08,61803,УМЕЛЕЦ,8664,4343
30.06.25,16:50,38667,БУЕР,7726,3201
30.06.25,14:26,05185,ТРУНОНОРД,0909,4948
30.06.25,12:57,90966,ЗЕВОСЕУЛ,5291,8888
26.06.25,10:55,68183,ВДОХОКОЛ,4747,6851
,,63373,СЛАСТЬ,4138,7098
23.06.25,15:40,70259,ОТНЯТЬЕ,6079,0078
23.06.25,14:25,03011,ПАНИРОВКА,5821,6631
,,72753,КЛИНОК,0979,2679
19.06.25,16:30,48105,ЗВУЧАНИЕ,4638,1726
,,31553,ДУЭТОТИП,6855,6414
16.06.25,21:58,48858,ВИСОКЕД,1203,5221
16.06.25,19:12,96560,ДИАЛЕКТИЗМ,9064,6939
,,63145,МАЛОСНЕЖНЫЙ,7383,8915
15.06.25,15:19,42525,МАЛОСНЕЖНЫЙ,7383,8915
12.06.25,15:14,22345,ТКАЧОСАП,8394,7873
04.06.25,19:51,50809,АЗОТОБАСК,7719,4842
02.06.25,17:32,97954,АРАПОБЛИЦ,3449,5582
02.06.25,16:00,89364,ИБОБАЗА,2766,3413
,,52661,ЛУЧОТОРГ,9114,0297
,,32182,БЕЗМОТИВНЫЙ,9384,6823
26.05.25,13:10,38574,АРЫКОРИФТ,8138,2860
26.05.25,11:24,12315,СКИРД,4564,1608
,,37339,БЕЗЗЛОБИЕ,4223,7856
19.05.25,19:47,01263,БОЛТАНКА,4430,9529
19.05.25,16:15,89905,БЛЕФОПУФ,4097,5573
26.04.25,12:20,16338,БЕКОСИГ,3267,1868
25.04.25,12:11,35340,КЛЮКВЕННЫЙ,8138,4103
,,96377,ДВИНСКИЙ,8288,7311
21.04.25,13:25,46467,ДЖУТОГОТ,6584,8032
17.04.25,19:51,46085,ПУДОЛИСТ,1988,5197
,,36942,БОРНОРАК,7433,8982
14.04.25,18:41,62465,НУТОБАКС,7817,9271
14.04.25,17:17,70082,ЛИСОПЛАЩ,6793,0809
14.04.25,15:48,82361,ТИМУС,1162,5685
14.04.25,10:54,33702,НЕПТУН,6652,2075
,,20962,БУЕРОФАНТ,1552,9234
27.03.25,14:29,96488,ТЕНДЕР,8757,3852
27.03.25,12:20,62622,ШНАПС,5604,5596
27.03.25,11:12,85765,ТОМОМОЗГ,9968,2747
25.03.25,14:42,67115,АПАШОХЛЫЩ,1117,3676
25.03.25,13:11,06054,АКТОПЛОТ,4369,8520
18.03.25,21:45,02425,ЖОХОДИОД,9671,5038
17.03.25,14:45,60693,ВЕРЕНИЦА,2914,8945
17.03.25,12:56,62291,ОЗОЗАИР,5759,3222
13.03.25,14:55,55624,КАТАРАКТА,1252,9433
13.03.25,13:13,74755,ТЕМПОРУАН,6872,7544
10.03.25,15:50,45994,АККОРДЕОН,7878,9426
10.03.25,10:58,43130,ВОДОКЛЕВ,0615,5894
06.03.25,13:29,89730,КАЙФОГИК,7132,6500
03.03.25,16:52,19674,РУНИЧЕСКИЙ,0709,2918
03.03.25,15:29,64888,ЙОТОЛАСТ,2110,7469
27.02.25,14:55,71691,ЗАГРЕБ,2286,0100
27.02.25,13:36,20738,ПРИБЛИЖЕНИЕ,8434,2480
24.02.25,12:42,10206,АДЪЮТАНТ,9381,3130
23.02.25,15:29,91338,НЭПОВОЙ,4772,3520
22.02.25,14:50,99819,ОГРАЖДЕНИЕ,8714,9689
22.02.25,13:08,42771,ТАКТОСИГ,1673,1477
17.02.25,17:32,23852,ДРОБИЛКА,4408,7287
17.02.25,10:56,26082,ДУПЛИСТЫЙ,6660,6133
13.02.25,14:44,00407,ГОЛОСИЩЕ,9371,6700
13.02.25,12:39,11316,ТАКТОБОА,9517,0302
,,62987,СИНОПСИС,8323,7892
10.02.25,18:35,31143,ДИЕЗОНАРД,1417,1992
10.02.25,13:30,65313,МАКОВКА,4400,9901
10.02.25,12:43,50111,ПИРАТСКИЙ,0101,8197
10.02.25,12:35,50027,СТАТИЧНОСТЬ,3132,5387
09.02.25,15:47,24879,СКОПОЧЕС,6204,7160
08.02.25,14:07,85633,КВИТОКОВШ,8326,9314
08.02.25,13:26,60021,ПОКАТЫЙ,6479,2375
06.02.25,14:39,24586,АНУСОЗУЛУ,1669,4735
06.02.25,13:05,73184,КРАХОСУП,6191,3430
06.02.25,11:36,71147,ОМЕРТВЛЕНИЕ,1760,8868
03.02.25,10:52,71377,ГАБАРИТ,2434,5573
30.01.25,18:46,30787,НИТРОМОПС,7272,3084
29.01.25,15:54,14317,УГАРОКИЕВ,9399,3945
22.01.25,19:05,30795,ЛИМБОДУХ,3641,5048
22.01.25,15:53,44002,РОКОШТОФ,6856,1920
20.01.25,12:33,34755,БРАСОБОСС,8448,5597
16.01.25,12:30,78734,ГНУСЛИВОСТЬ,1586,9891
,,37235,СУРОЧИЙ,0789,8257
13.01.25,14:34,74284,СОЛЬФАТАРА,5709,1622
13.01.25,12:31,92836,ШЕЛЬМА,3137,4571
10.01.25,15:54,55010,ДУГА,0493,5160
09.01.25,13:22,96492,АИСТОСАН,0203,9028
09.01.25,11:02,55472,АПРЕЛЬСКИЙ,9715,0308
07.01.25,18:52,29679,ВООБРАЖАЛА,9148,0718
04.01.25,19:26,62973,БУЕКОНИЗ,5567,5407
01.01.25,19:28,68608,ТАНЦОР,0303,6994
30.12.24,15:55,39360,БАНТОНАСТ,7577,6956
30.12.24,10:13,26067,ГРОГОЧЕРТ,3331,0825
27.12.24,20:55,22370,ИНОХОДЬ,0671,2958
20.12.24,15:22,03324,ГИКОКОФР,5756,8697
18.12.24,17:46,26261,ЗАРЯЖЕНИЕ,9957,5314
16.12.24,16:03,77741,ВЕЛЬВЕТ,2363,5984
15.12.24,17:34,58740,ЦЕНЗОКЕБ,6186,5298
12.12.24,18:54,52209,УЛЕТОБОМЖ,6809,7750
,,66604,САПОФИЛАТ,3406,1449
,,54095,АЗБУКА,5075,8976
09.12.24,14:45,46654,КАТАМАРАН,6789,5340
09.12.24,12:31,56204,СЛОТОЛУБ,5564,7778
09.12.24,10:49,53648,ТОЛОКА,6745,7133
06.12.24,20:16,54247,ГЛАСОБУЯН,5912,3547
05.12.24,10:43,37988,ДУБИНА,6465,1077
02.12.24,20:04,54174,ВЫПОЛЗОК,0508,4156
02.12.24,15:37,00897,БЫКОТУФ,2603,6522
02.12.24,13:18,11152,КЕРОСИНКА,4047,8748
28.11.24,13:27,25419,ЖАНРОНАЦИ,1386,0604
25.11.24,10:57,94913,ЗАМЕТ,3690,7971
21.11.24,18:46,97060,КЛАВИАТУРА,0226,3006
21.11.24,14:14,19756,ЛОТОТРОН,6290,8777
17.11.24,15:19,45760,РЕЗОН,4275,5407
11.11.24,14:42,75833,МАЛОЛЮДЬЕ,0808,4717
11.11.24,13:02,74669,КВАСОНАНТ,4016,2394
07.11.24,11:22,53312,ПРИПАИВАНИЕ,4322,9218
04.11.24,19:43,72747,ПИОНОЛОМ,5221,5209
04.11.24,14:18,82240,ПОЭТОГОРН,3816,3966
31.10.24,13:19,33588,РОДОБАЙТ,7491,2203
24.10.24,14:47,31987,ОБШЛАЖОК,0200,7694
24.10.24,14:19,98124,ИЛОВЫЙ,2357,6493
24.10.24,13:32,91769,ЛЕЙКОЗ,3287,2445
24.10.24,13:05,84622,ДВУЯЗЫЧИЕ,1349,4148
24.10.24,12:47,47042,ГРЕЧИШНЫЙ,4443,7430
21.10.24,16:28,93970,ДЖИПОВНУК,4541,3922
17.10.24,12:51,04842,КАЙФОЖОР,4612,0694
10.10.24,14:01,11459,ФАРСОГРАФ,4281,5666
30.09.24,18:03,85043,ЛИТРОСРУБ,1352,3462
30.09.24,17:46,04252,ЗАВАЛЬ,7170,3862
30.09.24,17:17,39571,СТИРОЛЬНЫЙ,5190,4100
30.09.24,16:25,92986,СЕТОТАУ,2143,2879
30.09.24,16:13,23393,НАРУКАВНЫЙ,8377,1471
30.09.24,15:54,88509,КЛОКОСЛОН,0560,0977
23.09.24,15:46,50303,ЛЕНТОЧИПС,8577,6647
23.09.24,14:09,29093,БУКОМОРФ,8137,1117
23.09.24,12:50,12892,ТЕГОЧЕК,9376,5693
19.09.24,18:13,63209,ГУСЯТНИК,6847,0176
,,84096,МНЕНЬЕ,2407,1312
08.09.24,15:54,35118,ВАХТЕРСКИЙ,6076,8642
07.09.24,10:54,41113,БЕНЗИННЫЙ,3660,7001
01.09.24,19:39,69178,БЕНЗИННЫЙ,3660,7001
,,09849,УЛУСОКОРМ,5470,9627
26.08.24,16:15,41049,ГЕНОЛИС,6790,6710
24.08.22,12:29,15052,ЗВЕЗДОЧЕТ,3137,6818
24.08.19,19:22,43961,УЛЕТОКЛИР,5460,1944
24.08.15,10:31,77209,ГОНДОЛИС,6819,8855
24.08.12,12:42,93641,РАСПЛАВ,1839,7235
24.08.08,12:24,09878,ПЛИСОГАМ,5403,1602
,,62108,ВВОДОРАЗ,1779,3869
30.07.24,19:47,20609,ПЛИСОГАМ,5403,1602
29.07.24,10:26,21026,ВЬЮКОНАБ,6397,2775
24.07.25,14:05,93922,КУЛАК,6495,6880
24.07.22,14:36,97075,ОКОНЧАНЬЕ,9477,7037
24.07.22,12:57,12694,ГОЛОСОК,8017,8154
24.07.08,18:55,96054,ОСТАВЛЕНИЕ,8999,4216
24.07.04,19:17,96247,БОННОКЮРИ,0305,7160
24.07.04,12:35,37270,КРОНШНЕП,6302,3118
24.07.04,10:53,17872,РАЗБИЕНЬЕ,5176,3559
24.07.03,14:03,04062,ДОКОБЛЕФ,0573,2683
24.07.01,15:38,33440,МЕРЗЛЫЙ,0808,2023
24.07.01,10:58,36174,БЛЕФОКУМ,4858,2138
27.06.24,11:09,69371,СОНОДЫМ,2888,5408
24.06.24,18:25,51444,ДАЛЬТОНИК,4895,6841
24.06.20,11:30,96247,АУТОГЕРБ,9317,8248
24.06.17,18:52,71827,ТАЗОМИРТ,4610,2469
24.06.17,12:59,96603,СТЕНОНОЖ,6790,4701
24.06.13,11:02,88690,БУРГОМИСТР,3087,9610
24.06.12,15:39,92986,СГОНОТОР,4259,7212
24.06.06,19:47,27903,АЙМАКОВЫЙ,4772,3754
24.06.06,18:13,82697,БЛИНОБЗИК,0095,6378
24.06.06,17:17,65546,НЕРЧИНСКИЙ,0010,5422
24.06.06,16:32,82240,БЮСТОКОКС,5669,5071
24.06.06,16:08,12362,БОЯЗЛИВОСТЬ,4635,4082
24.06.06,12:55,86004,РОТОБОТ,1511,9386
,,63209,БЛОКОЛАДА,9218,8450
24.06.05,20:30,24419,ДИОДОРЮШ,5528,6989
24.06.05,19:26,78844,ТИКАНЬЕ,9797,9116
,,28339,ДОНСКОЙ,8840,7575
24.06.03,18:47,17207,ЛИОНОРОГ,7934,0510
24.06.03,11:03,19756,ОТСТРАНЕНИЕ,3995,2030
24.02.06,15:11,80536,ГОРДЫНЯ,3226,4768
30.05.24,13:17,36070,БАКЛАК,9051,8779
29.05.24,16:07,54174,УДИНОСТЕР,0091,5671
27.05.24,12:36,50166,НЕВЕРНЫЙ,1745,1643
24.05.23,19:05,66207,НАЛАДЧИЦА,5964,0140
24.05.23,10:41,84402,МЕТАЛЛОЛОМ,1362,0715
24.05.20,15:39,84096,БРЮНЕТКА,1512,8503
24.05.16,19:22,58023,БУРОКАРП,8730,2048
24.05.13,18:44,83107,ОШОХЛЫЩ,9037,2344
24.05.13,11:16,39571,ПОДДЕРЖКА,9689,0875
24.05.08,19:15,64571,ТУХЛЯТИНА,7614,6467
24.05.06,15:32,91571,ОСТАВЛЕНИЕ,8999,4216
24.05.03,15:41,16013,КРОНШНЕП,6302,3118
29.04.24,13:26,33588,ДОКОБЛЕФ,0573,2683
29.04.24,11:02,03517,МЕРЗЛЫЙ,0808,2023
24.04.22,19:07,52209,БЛОГОКЛИН,4858,2138
24.04.15,16:19,39343,ДАЛЬТОНИК,4895,6841
24.04.15,13:48,30435,МОСЛАСТЫЙ,1585,6817
24.04.12,11:12,69665,АУТОГЕРБ,9317,8248
24.04.11,12:32,03106,ТАЗОМИРТ,4610,2469
24.04.01,15:31,97060,СТЕПОНОЖ,6790,4701
24.03.14,14:39,40191,УТЮГОНИТ,6373,2890
24.03.07,15:47,93970,ЗАГРЕБ,2286,7469
24.03.07,12:27,79150,ПРИБЛИЖЕНИЕ,8434,2480
27.02.24,16:27,83990,ТАКТОСИГ,1673,1477
26.02.24,14:51,52082,ДРОБИЛКА,4408,7287
26.02.24,13:00,20609,ДУПЛИСТЫЙ,6660,6133
24.02.23,15:09,33440,ГОЛОСИЩЕ,9371,6700
24.02.08,14:43,52747,ПЕНСИОН,1395,2560
24.02.08,11:07,19170,ПИРАТСКИЙ,0101,8197
24.02.05,16:02,23393,СТАТИЧНОСТЬ,3132,5387
24.02.05,12:37,12892,КРИТОКОВШ,8326,9314
29.01.24,18:42,65353,КРАСОПУХ,6191,3430
24.01.15,10:47,26862,АССИРИАНИН,6076,5311
24.01.14,15:32,36436,ЛАЗОСПАЙ,9496,2709
24.01.13,19:18,85132,КУЛИЧИК,1999,1321
24.01.11,15:01,88286,СПУДОПАУК,2775,1919
24.01.11,10:31,09617,СОКОКИЛЬ,2524,9276
24.01.07,22:17,91409,ПУЗЫРЕК,7544,9495
24.01.07,15:09,76521,БЛИКОПЛЮШ,8311,9799
28.12.23,19:02,80565,СКОКОЛЬЕЖ,5247,3768
23.12.11,13:00,34747,ШЕЛЬМА,3137,4571
23.12.07,18:57,34528,ДУГА,0439,5160
23.12.07,10:59,47209,АИСТОСАН,0203,9028
23.12.05,19:27,09600,АПРЕЛЬСКИЙ,9715,0308
23.12.05,15:56,55140,ВООБРАЖАЛА,9148,0718
30.11.23,12:49,45762,БАНТОНАСТ,7579,6956
27.11.23,12:53,55764,ГИКОФР,5755,8697
23.11.23,19:06,64350,ЗАРЯЖЕНИЕ,9957,5314
23.11.20,19:40,92809,ИСПОЛЬЩИК,7854,7985
23.11.20,15:48,45100,ВЕЛЬВЕТ,2363,5984
23.11.19,15:39,04337,ЦЕНЗОКЕБ,6186,5298
23.11.19,15:13,04652,БУЛЬБAШ,3912,5640
23.11.16,11:39,41523,УЙМА,3912,5640
23.11.13,18:53,85140,ЗООПАРК,6809,7750
23.11.13,15:52,12174,ПРИВЕРЖЕНКА,7006,3676
23.11.09,13:33,50507,СКОКОФОНД,7692,0076
23.11.06,15:54,82655,ВУЗОФТОР,0392,3566
23.11.06,11:14,30277,ЛАСКОВОСТЬ,0262,4497
23.10.23,19:33,21072,ЛАСКОВОСТЬ,0262,4497
23.10.12,11:39,99168,ФАНТАСТ,7918,1919
23.10.09,20:13,88267,НИЗОКЛЕН,6290,8777
23.10.09,13:08,14942,РЕЗЕЦ,4275,5407
23.10.06,16:26,89325,БУЯНОКАФ,4530,3735
23.10.06,16:19,21789,ПРИПАИВАНИЕ,4322,9218
23.10.06,15:41,52752,ВЕНДОШКАФ,7332,4551
23.10.06,14:49,93860,ПОЭТОГОРН,3816,3966
23.10.06,14:38,34374,КРАТОТИР,5211,9366
23.10.06,14:09,20420,РОДОБАЙТ,7491,2203
23.10.06,14:08,01155,ЛЕССОЛИТР,1423,2212
23.10.06,13:54,21588,РАСТИРАНИЕ,8875,1328
23.10.05,15:47,93719,МРАКОЩУП,1167,7293
23.09.25,11:03,03471,СОРОРЫСК,5101,8306
23.09.18,18:55,66935,ЛИТРОСРУБ,1352,3462
23.09.17,15:28,88016,ЗАВАЛЬ,7170,3862
23.09.14,18:49,23129,СТИРОЛЬНЫЙ,5190,4100
23.09.14,12:44,08976,НАРУКАВНЫЙ,8377,1471
23.09.14,12:37,97294,КЛОКОСЛОН,0590,0977
23.09.11,15:53,70442,ЛЕНТОЧИП,8577,6647
23.09.11,13:01,62246,БУКОМОРФ,8137,1117
23.09.10,15:46,32190,ТЕГОЧЕК,9376,5693
31.08.23,17:11,09828,ХИОСОХЛОП,0522,8344
31.08.23,15:45,97065,ДУЧЕ,4901,5111
31.08.23,14:48,71601,ЛАРИНГОЛОГ,0697,3108
31.08.23,14:27,45984,ОСМЕЯНЬЕ,1459,3416
31.08.23,13:49,05722,АКРОРФФИ,0069,3008
31.08.23,13:07,63771,РЕВОНОРД,0516,3949
31.08.23,12:48,75857,ОБЛУЧЕНЬЕ,6162,2808
31.08.23,12:26,78137,КАРАТАУ,1752,1301
31.08.23,11:34,49888,ПЕКОРЫСК,2191,1808
31.08.23,10:46,03489,АТОМОЛУБ,7448,8199
31.08.23,10:36,23307,ОБРОК,6517,2882
,,78449,БРАТОШИК,5922,3107
,,50418,ЕРОПАРЯ,4765,5269
28.08.23,18:40,77740,ГУСЯТНИК,6847,0176
28.08.23,16:03,28198,ГАЗЕТЕНКА,2792,1821
23.08.17,19:02,20135,БЕНЗИННЫЙ,3660,7001
23.08.17,10:50,16579,ТАЙМОБОБР,8029,0724
23.08.14,19:05,48977,ПУПСОКРОТ,1701,1440
23.08.14,15:49,49058,ВЕСЕЛЬЕ,7202,6932
23.08.14,13:28,80950,ЛИПИД,7268,6914
23.08.10,18:27,37527,ПАКОСМЫВ,2874,5219
27.07.23,17:05,37170,ЙОГОЛЮК,3941,3524
27.07.23,15:46,58073,РАУТОМАХ,4364,5587
27.07.23,14:49,00217,УРАЛОСТОЛ,6012,2707
27.07.23,13:47,18357,КРАСИВОСТЬ,6417,2607
27.07.23,13:11,70217,ЛАНГУСТ,9858,8542
27.07.23,12:27,62883,ФИКЦИЯ,9341,6869
,,23617,НАДОБНЫЙ,3015,2407
27.07.23,11:33,53083,ГОЛОВ,0549,1407
27.07.23,10:41,68178,КАСПИЙ,3402,1153
27.07.23,10:33,99123,ИРАНОРЯЖ,5701,9185
,,30816,АРОЛЕД,9684,2706
,,30432,АРОЛЕД,9684,2706
,,89259,ВЕТКА,2639,5537
23.07.24,10:50,01842,БУРАН,6816,0243
23.07.20,19:15,76420,УЖОВЫЙ,3119,6315
23.07.20,10:55,53448,УЛУСОКОРМ,5470,9627
23.07.17,18:50,86401,ГЕНОЛИС,6790,6710
23.07.17,14:34,67966,ЗВЕЗДОЧЕТ,3137,6818
23.07.12,12:46,48481,УЛЕТОКЛИР,5460,1944
23.07.09,19:41,00317,ВОЗГЛАВИЕ,5842,7627
23.07.06,16:26,26874,ЛИТРОЖНЕЦ,6819,8855
23.07.06,15:17,24910,РУСТОСЧЕТ,7828,8610
23.07.06,14:36,22276,НЕДОСМОТР,4284,6614
23.07.06,14:23,40051,ФАНГОЛЯД,8926,4497
23.07.06,13:42,09917,ВЬЮКОНАБ,6397,2775
23.07.06,13:26,76496,КУЛАЧНЫЙ,6495,6880
23.07.06,13:04,34853,ГОЛОСОК,8017,8154
23.07.06,13:03,93747,ЗЕТОШЕЙК,5894,4167
23.07.01,15:43,98963,ОСТАВЛЕНИЕ,8999,4216
29.06.23,15:51,23840,БОННОКЮРИ,0305,7160
28.06.23,15:45,39357,КРОНШНЕП,6302,3118
26.06.23,18:52,74312,РАЗБИЕНЬЕ,5176,3559
26.06.23,12:33,74983,ДОКОБЛЕФ,0573,2683
23.06.22,11:13,90047,МЕРЗЛЫЙ,0808,2023
23.06.18,16:41,79587,БЛЕФОКУМ,4858,2138
23.06.15,21:26,94363,ИРОПРУС,4177,1603
23.06.15,16:18,48150,БАРКОНАЙМ,1286,2840
23.06.15,15:35,13695,ВОРСЯНКА,9434,7318
,,88358,ОТРЫВОК,45,34
,,10719,СУЛЬФОСОЛЬ,45,02
,,80790,ХРУПОТКАЧ,8917,5003
